{"n": 2, "effective": 8.0, "rake": 0.2, "names": ["SB", "BB"], "blinds": [0.5, 1.0], "total_stacks": [8.0, 9.0], "histories": [[""], ["P"]], "strategies": [[[1.0, 1.0, 1.0, 1.0, 1.0, 1.0, 1.0, 1.0, 1.0, 1.0, 1.0, 1.0, 1.0, 1.0, 1.0, 1.0, 1.0, 1.0, 1.0, 1.0, 1.0, 1.0, 1.0, 1.0, 1.0, 1.0, 1.0, 1.0, 1.0, 1.0, 1.0, 1.0, 1.0, 1.0, 1.0, 1.0, 1.0, 1.0, 1.0, 1.0, 1.0, 1.0, 1.0, 1.0, 1.0, 1.0, 1e-323, 1e-323, 0.9999999999999998, 1.0, 1.0, 1.0, 1.0, 1.0, 1.0, 0.0, 1e-323, 1e-323, 1e-323, 0.9999999999999998, 1.0, 1.0, 1.0, 0.0, 0.0, 0.0, 0.9999999999999998, 0.9999999999999998, 0.9999999999999998, 1.0, 0.0, 0.0, 1e-323, 0.9999999999999998, 0.9999999999999998, 0.9999999999999998, 0.0, 0.0, 1e-323, 0.9999999999999998, 0.9999999999999998, 0.0, 1e-323, 0.9999999999999998, 0.9999999999999998, 0.0, 1e-323, 0.9999999999999998, 0.0, 1e-323, 0.0, 1.0, 1.0, 1.0, 1.0, 1.0, 1.0, 1.0, 1.0, 1.0, 1.0, 1.0, 1.0, 1.0, 1.0, 1.0, 1.0, 1.0, 1.0, 1.0, 1.0, 1.0, 1.0, 1.0, 0.0, 0.0, 0.0, 1e-323, 1.0, 1.0, 1.0, 1.0, 1.0, 1.0, 0.0, 0.0, 0.0, 0.0, 0.0, 0.6690137162438594, 1.0, 1.0, 1.0, 0.0, 0.0, 0.0, 0.0, 0.0, 1e-323, 1.0, 1.0, 0.0, 0.0, 0.0, 0.0, 0.0, 0.9999999999999998, 0.9999999999999998, 0.0, 0.0, 0.0, 0.0, 1e-323, 0.9999999999999998, 0.0, 0.0, 0.0, 0.0, 1e-323, 0.0, 0.0, 0.0, 1e-323, 0.0, 0.0, 1e-323, 0.0, 0.0, 0.0]], [[1.0, 1.0, 1.0, 1.0, 1.0, 1.0, 1.0, 1.0, 1.0, 1.0, 1.0, 1.0, 0.9999999999999998, 1.0, 1.0, 1.0, 1.0, 1.0, 1.0, 1.0, 1.0, 1.0, 1.0, 1.0, 1.0, 0.9999999999999998, 1.0, 1.0, 1.0, 1.0, 1.0, 1.0, 1.0, 1.0, 1.0, 1.0, 0.0, 0.0, 0.0, 0.0, 1e-323, 0.9999999999999998, 1.0, 1.0, 1.0, 1.0, 0.0, 0.0, 0.0, 0.0, 0.0, 0.9999999999999998, 0.9999999999999998, 1.0, 1.0, 0.0, 0.0, 0.0, 0.0, 0.0, 0.9999999999999998, 0.9999999999999998, 1.0, 0.0, 0.0, 0.0, 0.0, 1e-323, 0.9999999999999998, 0.9999999999999998, 0.0, 0.0, 0.0, 0.0, 0.9999999999999998, 0.9999999999999998, 0.0, 0.0, 0.0, 0.9999999999999998, 0.9999999999999998, 0.0, 0.0, 0.9999999999999998, 0.9999999999999998, 0.0, 0.0, 0.9999999999999998, 0.0, 0.0, 0.0, 1.0, 1.0, 1.0, 1.0, 1.0, 1.0, 1.0, 1.0, 1.0, 1.0, 1.0, 1.0, 0.0, 0.0, 1e-323, 0.9999999999999998, 1.0, 1.0, 1.0, 1.0, 1.0, 1.0, 1.0, 0.0, 0.0, 0.0, 0.0, 0.0, 0.0, 0.9999999999999998, 1.0, 1.0, 1.0, 0.0, 0.0, 0.0, 0.0, 0.0, 0.0, 0.0, 0.4443829228303635, 1.0, 0.0, 0.0, 0.0, 0.0, 0.0, 0.0, 0.0, 0.0, 0.0, 0.0, 0.0, 0.0, 0.0, 0.0, 0.0, 0.0, 0.0, 0.0, 0.0, 0.0, 0.0, 0.0, 0.0, 0.0, 0.0, 0.0, 0.0, 0.0, 0.0, 0.0, 0.0, 0.0, 0.0, 0.0, 0.0, 0.0]]]}