{"n": 3, "effective": 8.0, "rake": 0.2, "names": ["BTN", "SB", "BB"], "blinds": [0.0, 0.5, 1.0], "total_stacks": [8.0, 8.0, 9.0], "histories": [[""], ["F", "P"], ["PF", "FP", "PP"]], "strategies": [[[1.0, 1.0, 1.0, 1.0, 1.0, 1.0, 1.0, 1.0, 1.0, 1.0, 1.0, 1.0, 0.9999999999999998, 1.0, 1.0, 1.0, 1.0, 1.0, 1.0, 1.0, 1.0, 1.0, 1.0, 1.0, 1.0, 1e-323, 1e-323, 1e-323, 0.9999999999999998, 0.9999999999999998, 0.9999999999999998, 1.0, 1.0, 1.0, 1.0, 1.0, 0.0, 0.0, 0.0, 1e-323, 1e-323, 1e-323, 0.9999999999999998, 0.9999999999999998, 1.0, 1.0, 0.0, 0.0, 0.0, 0.0, 0.0, 1e-323, 0.9999999999999998, 0.9999999999999998, 1.0, 0.0, 0.0, 0.0, 0.0, 0.0, 0.0, 0.9999999999999998, 0.9999999999999998, 0.0, 0.0, 0.0, 0.0, 0.0, 0.0, 0.9999999999999998, 0.0, 0.0, 0.0, 0.0, 0.0, 1e-323, 0.0, 0.0, 0.0, 0.0, 0.0, 0.0, 0.0, 0.0, 0.0, 0.0, 0.0, 0.0, 0.0, 0.0, 0.0, 1.0, 1.0, 1.0, 1.0, 1.0, 1.0, 1.0, 1.0, 1.0, 1.0, 1.0, 1.0, 0.0, 0.0, 1e-323, 1e-323, 1e-323, 1e-323, 1e-323, 1.0, 1.0, 1.0, 1.0, 0.0, 0.0, 0.0, 0.0, 0.0, 1e-323, 1e-323, 1e-323, 0.9999999999999998, 1.0, 0.0, 0.0, 0.0, 0.0, 0.0, 0.0, 1e-323, 0.7501951600312258, 0.9999999999999998, 0.0, 0.0, 0.0, 0.0, 0.0, 0.0, 0.0, 0.9999999999999998, 0.0, 0.0, 0.0, 0.0, 0.0, 0.0, 0.0, 0.0, 0.0, 0.0, 0.0, 0.0, 0.0, 0.0, 0.0, 0.0, 0.0, 0.0, 0.0, 0.0, 0.0, 0.0, 0.0, 0.0, 0.0, 0.0, 0.0, 0.0]], [[1.0, 1.0, 1.0, 1.0, 1.0, 1.0, 1.0, 1.0, 1.0, 1.0, 1.0, 0.9999999999999998, 0.9999999999999998, 1.0, 1.0, 1.0, 1.0, 1.0, 1.0, 1.0, 1.0, 1.0, 1.0, 1.0, 1.0, 0.9999999999999998, 0.9999999999999998, 0.9999999999999998, 1.0, 1.0, 1.0, 1.0, 1.0, 1.0, 1.0, 1.0, 0.9999999999999998, 0.9999999999999998, 0.9999999999999998, 0.9999999999999998, 0.9999999999999998, 0.9999999999999998, 1.0, 1.0, 1.0, 1.0, 1e-323, 1e-323, 0.9999999999999998, 0.9999999999999998, 0.9999999999999998, 0.9999999999999998, 0.9999999999999998, 1.0, 1.0, 1e-323, 1e-323, 1e-323, 1e-323, 0.9999999999999998, 0.9999999999999998, 0.9999999999999998, 0.9999999999999998, 1e-323, 1e-323, 1e-323, 0.9999999999999998, 0.9999999999999998, 0.9999999999999998, 0.9999999999999998, 1e-323, 1e-323, 1e-323, 0.9999999999999998, 0.9999999999999998, 0.9999999999999998, 1e-323, 1e-323, 1e-323, 0.9999999999999998, 0.9999999999999998, 1e-323, 1e-323, 0.9999999999999998, 0.9999999999999998, 1e-323, 1e-323, 0.9999999999999998, 1e-323, 1e-323, 1e-323, 1.0, 1.0, 1.0, 1.0, 1.0, 1.0, 1.0, 1.0, 1.0, 1.0, 1.0, 1.0, 0.9999999999999998, 0.9999999999999998, 0.9999999999999998, 0.9999999999999998, 0.9999999999999998, 1.0, 1.0, 1.0, 1.0, 1.0, 1.0, 1e-323, 1e-323, 1e-323, 1e-323, 0.9999999999999998, 0.9999999999999998, 0.9999999999999998, 1.0, 1.0, 1.0, 1e-323, 1e-323, 1e-323, 1e-323, 1e-323, 0.6721311475409837, 0.9999999999999998, 0.9999999999999998, 1.0, 1e-323, 1e-323, 1e-323, 1e-323, 1e-323, 1e-323, 0.9999999999999998, 0.9999999999999998, 1e-323, 1e-323, 1e-323, 1e-323, 1e-323, 0.9999999999999998, 0.9999999999999998, 1e-323, 1e-323, 1e-323, 1e-323, 1e-323, 0.9999999999999998, 1e-323, 1e-323, 1e-323, 1e-323, 1e-323, 1e-323, 1e-323, 1e-323, 1e-323, 1e-323, 1e-323, 1e-323, 1e-323, 1e-323, 1e-323], [1.0, 1.0, 1.0, 1.0, 1.0, 1.0, 1.0, 1.0, 1.0, 1.0, 1.0, 0.9999999999999998, 1e-323, 1.0, 1.0, 1.0, 1.0, 1.0, 1.0, 1.0, 1.0, 1.0, 1.0, 1.0, 1.0, 0.0, 0.0, 0.0, 1e-323, 1e-323, 1e-323, 1e-323, 1.0, 1.0, 1.0, 1.0, 0.0, 0.0, 0.0, 0.0, 0.0, 0.0, 1e-323, 1e-323, 1.0, 1.0, 0.0, 0.0, 0.0, 0.0, 0.0, 0.0, 0.0, 1e-323, 0.8265244166883512, 0.0, 0.0, 0.0, 0.0, 0.0, 0.0, 0.0, 0.0, 0.0, 0.0, 0.0, 0.0, 0.0, 0.0, 0.0, 0.0, 0.0, 0.0, 0.0, 0.0, 0.0, 0.0, 0.0, 0.0, 0.0, 0.0, 0.0, 0.0, 0.0, 0.0, 0.0, 0.0, 0.0, 0.0, 0.0, 0.0, 1e-323, 1e-323, 0.8265244166883512, 1.0, 1.0, 1.0, 1.0, 1.0, 1.0, 1.0, 1.0, 1.0, 0.0, 0.0, 0.0, 0.0, 0.0, 1e-323, 1e-323, 1e-323, 1.0, 1.0, 1.0, 0.0, 0.0, 0.0, 0.0, 0.0, 0.0, 0.0, 1e-323, 1e-323, 0.9999999999999998, 0.0, 0.0, 0.0, 0.0, 0.0, 0.0, 0.0, 0.0, 1e-323, 0.0, 0.0, 0.0, 0.0, 0.0, 0.0, 0.0, 0.0, 0.0, 0.0, 0.0, 0.0, 0.0, 0.0, 0.0, 0.0, 0.0, 0.0, 0.0, 0.0, 0.0, 0.0, 0.0, 0.0, 0.0, 0.0, 0.0, 0.0, 0.0, 0.0, 0.0, 0.0, 0.0, 0.0, 0.0, 0.0]], [[1.0, 1.0, 1.0, 1.0, 1.0, 1.0, 1.0, 1.0, 1.0, 1.0, 1.0, 0.9999999999999998, 0.9999999999999998, 1.0, 1.0, 1.0, 1.0, 1.0, 1.0, 1.0, 1.0, 1.0, 1.0, 1.0, 1.0, 0.0, 0.0, 0.0, 0.0, 1e-323, 1e-323, 1e-323, 1.0, 1.0, 1.0, 1.0, 0.0, 0.0, 0.0, 0.0, 0.0, 0.0, 1e-323, 1.0, 1.0, 1.0, 0.0, 0.0, 0.0, 0.0, 0.0, 0.0, 0.9999999999999998, 0.9999999999999998, 1.0, 0.0, 0.0, 0.0, 0.0, 0.0, 0.0, 0.9999999999999998, 0.9999999999999998, 0.0, 0.0, 0.0, 0.0, 0.0, 0.9999999999999998, 0.9999999999999998, 0.0, 0.0, 0.0, 0.0, 0.9999999999999998, 0.9999999999999998, 0.0, 0.0, 0.0, 0.9999999999999998, 0.9999999999999998, 0.0, 0.0, 1e-323, 0.9999999999999998, 0.0, 0.0, 0.9999999999999998, 0.0, 0.0, 0.0, 1e-323, 0.9999999999999998, 1.0, 1.0, 1.0, 1.0, 1.0, 1.0, 1.0, 1.0, 1.0, 1.0, 0.0, 0.0, 0.0, 0.0, 0.0, 0.0, 1e-323, 1e-323, 1.0, 1.0, 1.0, 0.0, 0.0, 0.0, 0.0, 0.0, 0.0, 0.0, 0.0, 1e-323, 0.9999999999999998, 0.0, 0.0, 0.0, 0.0, 0.0, 0.0, 0.0, 0.0, 0.0, 0.0, 0.0, 0.0, 0.0, 0.0, 0.0, 0.0, 0.0, 0.0, 0.0, 0.0, 0.0, 0.0, 0.0, 0.0, 0.0, 0.0, 0.0, 0.0, 0.0, 0.0, 0.0, 0.0, 0.0, 0.0, 0.0, 0.0, 0.0, 0.0, 0.0, 0.0, 0.0, 0.0, 0.0, 0.0, 0.0], [1.0, 1.0, 1.0, 1.0, 1.0, 1.0, 1.0, 1.0, 1.0, 1.0, 1.0, 0.9999999999999998, 0.9999999999999998, 1.0, 1.0, 1.0, 1.0, 1.0, 1.0, 1.0, 1.0, 1.0, 1.0, 1.0, 1.0, 0.9999999999999998, 0.9999999999999998, 0.9999999999999998, 0.9999999999999998, 0.9999999999999998, 0.9999999999999998, 0.9999999999999998, 1.0, 1.0, 1.0, 1.0, 1e-323, 1e-323, 1e-323, 1e-323, 1e-323, 0.9999999999999998, 0.9999999999999998, 1.0, 1.0, 1.0, 0.0, 0.0, 0.0, 1e-323, 1e-323, 0.9999999999999998, 0.9999999999999998, 0.9999999999999998, 1.0, 0.0, 0.0, 0.0, 0.0, 1e-323, 0.9999999999999998, 0.9999999999999998, 0.9999999999999998, 0.0, 0.0, 0.0, 0.0, 1e-323, 0.9999999999999998, 0.9999999999999998, 0.0, 0.0, 0.0, 1e-323, 0.9999999999999998, 0.9999999999999998, 0.0, 0.0, 0.0, 0.9999999999999998, 0.9999999999999998, 0.0, 0.0, 0.9999999999999998, 0.9999999999999998, 0.0, 0.0, 0.9999999999999998, 0.0, 0.0, 0.0, 0.9999999999999998, 0.9999999999999998, 0.9999999999999998, 1.0, 1.0, 1.0, 1.0, 1.0, 1.0, 1.0, 1.0, 1.0, 1e-323, 1e-323, 1e-323, 0.9999999999999998, 0.9999999999999998, 0.9999999999999998, 0.9999999999999998, 0.9999999999999998, 1.0, 1.0, 1.0, 0.0, 0.0, 0.0, 1e-323, 1e-323, 1e-323, 0.9999999999999998, 0.9999999999999998, 0.9999999999999998, 0.9999999999999998, 0.0, 0.0, 0.0, 0.0, 0.0, 1e-323, 1e-323, 0.5901639344262296, 0.9999999999999998, 0.0, 0.0, 0.0, 0.0, 0.0, 0.0, 1e-323, 1e-323, 0.0, 0.0, 0.0, 0.0, 0.0, 0.0, 0.0, 0.0, 0.0, 0.0, 0.0, 0.0, 0.0, 0.0, 0.0, 0.0, 0.0, 0.0, 0.0, 0.0, 0.0, 0.0, 0.0, 0.0, 0.0, 0.0, 0.0, 0.0], [1.0, 1.0, 1.0, 1.0, 1.0, 1.0, 1.0, 1.0, 1.0, 1.0, 1.0, 0.9999999999999998, 1e-323, 1.0, 1.0, 1.0, 1.0, 1.0, 1.0, 1.0, 1.0, 1.0, 1.0, 1.0, 1.0, 0.9999999999999998, 0.9999999999999998, 0.9999999999999998, 0.9999999999999998, 1.0, 1.0, 1.0, 1.0, 1.0, 1.0, 1.0, 0.0, 1e-323, 1e-323, 0.9999999999999998, 0.9999999999999998, 0.9999999999999998, 0.9999999999999998, 1.0, 1.0, 1.0, 0.0, 0.0, 0.0, 0.0, 0.0, 0.9999999999999998, 0.9999999999999998, 0.9999999999999998, 1.0, 0.0, 0.0, 0.0, 0.0, 0.9999999999999998, 0.9999999999999998, 0.9999999999999998, 0.9999999999999998, 0.0, 0.0, 0.0, 0.0, 0.9999999999999998, 0.9999999999999998, 0.9999999999999998, 0.0, 0.0, 0.0, 1e-323, 0.9999999999999998, 0.9999999999999998, 0.0, 0.0, 0.0, 0.9999999999999998, 0.9999999999999998, 0.0, 0.0, 0.9999999999999998, 0.9999999999999998, 0.0, 0.0, 0.9999999999999998, 0.0, 0.0, 0.0, 0.9999999999999998, 0.9999999999999998, 1.0, 1.0, 1.0, 1.0, 1.0, 1.0, 1.0, 1.0, 1.0, 1.0, 0.0, 1e-323, 0.9999999999999998, 0.9999999999999998, 0.9999999999999998, 0.9999999999999998, 0.9999999999999998, 1.0, 1.0, 1.0, 1.0, 0.0, 0.0, 0.0, 0.0, 1e-323, 0.9999999999999998, 0.9999999999999998, 0.9999999999999998, 1.0, 1.0, 0.0, 0.0, 0.0, 0.0, 0.0, 0.0, 0.9999999999999998, 0.9999999999999998, 0.9999999999999998, 0.0, 0.0, 0.0, 0.0, 0.0, 0.0, 0.0, 1e-323, 0.0, 0.0, 0.0, 0.0, 0.0, 0.0, 